-- MySQL dump 10.13  Distrib 5.7.17, for Win64 (x86_64)
--
-- Host: mysqldb1.chvxgnffufpo.ap-southeast-2.rds.amazonaws.com    Database: songchooser
-- ------------------------------------------------------
-- Server version	5.7.19-log

/*!40101 SET @OLD_CHARACTER_SET_CLIENT=@@CHARACTER_SET_CLIENT */;
/*!40101 SET @OLD_CHARACTER_SET_RESULTS=@@CHARACTER_SET_RESULTS */;
/*!40101 SET @OLD_COLLATION_CONNECTION=@@COLLATION_CONNECTION */;
/*!40101 SET NAMES utf8 */;
/*!40103 SET @OLD_TIME_ZONE=@@TIME_ZONE */;
/*!40103 SET TIME_ZONE='+00:00' */;
/*!40014 SET @OLD_UNIQUE_CHECKS=@@UNIQUE_CHECKS, UNIQUE_CHECKS=0 */;
/*!40014 SET @OLD_FOREIGN_KEY_CHECKS=@@FOREIGN_KEY_CHECKS, FOREIGN_KEY_CHECKS=0 */;
/*!40101 SET @OLD_SQL_MODE=@@SQL_MODE, SQL_MODE='NO_AUTO_VALUE_ON_ZERO' */;
/*!40111 SET @OLD_SQL_NOTES=@@SQL_NOTES, SQL_NOTES=0 */;

--
-- Table structure for table `song`
--

DROP TABLE IF EXISTS `song`;
/*!40101 SET @saved_cs_client     = @@character_set_client */;
/*!40101 SET character_set_client = utf8 */;
CREATE TABLE `song` (
  `id` bigint(20) NOT NULL AUTO_INCREMENT,
  `song_name` varchar(256) DEFAULT NULL,
  `path` varchar(512) DEFAULT NULL,
  `tags` varchar(512) DEFAULT NULL,
  PRIMARY KEY (`id`)
) ENGINE=InnoDB AUTO_INCREMENT=155 DEFAULT CHARSET=utf8;
/*!40101 SET character_set_client = @saved_cs_client */;

--
-- Dumping data for table `song`
--

LOCK TABLES `song` WRITE;
/*!40000 ALTER TABLE `song` DISABLE KEYS */;
INSERT INTO `song` VALUES (1,'All that is hidden.htm','./HTML_Files/All that is hidden.htm',''),(2,'ALL THE EARTH.htm','./HTML_Files/ALL THE EARTH.htm',''),(3,'Alleluia Sing to Jesus.htm','./HTML_Files/Alleluia Sing to Jesus.htm',''),(4,'Alleluia! Raise the Gospel.htm','./HTML_Files/Alleluia! Raise the Gospel.htm',''),(5,'BlankScreen.htm','./HTML_Files/Start and other pages/BlankScreen.htm','Start and other pages'),(6,'Christ Be Our Light','./HTML_Files/ChristBeOurLight.htm',''),(7,'City of God','./HTML_Files/CityofGod.htm',''),(8,'Creator spirit.htm','./HTML_Files/Creator spirit.htm',''),(9,'Crown Him With Many Crowns.htm','./HTML_Files/Crown Him With Many Crowns.htm',''),(10,'DismissalTaketheword.htm','./HTML_Files/DismissalTaketheword.htm',''),(11,'Emmaus_Road.htm','./HTML_Files/Emmaus_Road.htm',''),(12,'Gather Us In','./HTML_Files/Gather Us In.htm',''),(13,'Gather your people O Lord','./HTML_Files/Gather your people O Lord.htm',''),(14,'Gift Of Finest Wheat','./HTML_Files/Gift Of Finest Wheat.htm',''),(15,'Glory and Praise to Our God.htm','./HTML_Files/Glory and Praise to Our God.htm',''),(16,'Glory in the Cross -Easter Verses.htm','./HTML_Files/Glory in the Cross -Easter Verses.htm',''),(17,'God\'s Holy Gifts.htm','./HTML_Files/God\'s Holy Gifts.htm',''),(18,'Hail Holy Queen Enthroned Above.htm','./HTML_Files/Hail Holy Queen Enthroned Above.htm',''),(19,'Hail Redeemer King Divine.htm','./HTML_Files/Hail Redeemer King Divine.htm',''),(20,'Help of Christians.htm','./HTML_Files/Help of Christians.htm',''),(21,'Jesus Christ You My Life','./HTML_Files/Jesus Christ You My Life.htm',''),(22,'Jesus Lives.htm','./HTML_Files/Jesus Lives.htm',''),(23,'Living Spirit Holy Fire.htm','./HTML_Files/Living Spirit Holy Fire.htm',''),(24,'LordtoWhomShallWeGo.htm','./HTML_Files/LordtoWhomShallWeGo.htm',''),(25,'Main Easter Season Year A 2017.htm','./HTML_Files/Main Pages/Main Easter Season Year A 2017.htm','Main Pages'),(26,'Main Ordinary Season Year A 2017.htm','./HTML_Files/Main Pages/Main Ordinary Season Year A 2017.htm','Main Pages'),(27,'ApostlesCreed.htm','./HTML_Files/Mass Prayers/ApostlesCreed.htm','Mass Prayers'),(28,'TheConfiteor.htm','./HTML_Files/Mass Prayers/TheConfiteor.htm','Mass Prayers'),(29,'Amen Sacred Heart.htm','./HTML_Files/Mass Settings/Sacred Heart/Amen Sacred Heart.htm','Mass Settings Sacred Heart'),(30,'Glory To God - Sacred Heart','./HTML_Files/Mass Settings/Sacred Heart/Glory To God - Sacred Heart.htm','Mass Settings Sacred Heart'),(31,'Glory To God -Christ the Saviour.htm','./HTML_Files/Mass Settings/Glory To God -Christ the Saviour.htm','Mass Settings'),(32,'Gospel Acclamation - Easter.htm','./HTML_Files/Mass Settings/Gospel Acclamation - Easter.htm','Mass Settings'),(33,'Holy Holy Holy Sacred Heart','./HTML_Files/Mass Settings/Sacred Heart/HolyHolyHoly Sacred Heart.htm','Mass Settings Sacred Heart'),(34,'HolyHolyHoly.htm','./HTML_Files/Mass Settings/HolyHolyHoly.htm','Mass Settings'),(35,'LambofGod.htm','./HTML_Files/Mass Settings/LambofGod.htm','Mass Settings'),(36,'Memorial Acclamation Sacred Heart','./HTML_Files/Mass Settings/Sacred Heart/Memorial Acclamation Sacred Heart.htm','Mass Settings Sacred Heart'),(37,'MemorialAcclamationSave us.htm','./HTML_Files/Mass Settings/MemorialAcclamationSave us.htm','Mass Settings'),(38,'O come to the throne of grace.htm','./HTML_Files/O come to the throne of grace.htm',''),(39,'One Bread, One Cup.htm','./HTML_Files/One Bread, One Cup.htm',''),(40,'One_bread_One_Body.htm','./HTML_Files/One_bread_One_Body.htm',''),(41,'Open My Eyes Lord.htm','./HTML_Files/Open My Eyes Lord.htm',''),(42,'header.htm','./HTML_Files/Open My Eyes_files/header.htm','Open My Eyes_files'),(43,'Open My Eyes.htm','./HTML_Files/Open My Eyes.htm',''),(44,'Pentecost Sequence - Veni Sancte Spiritus.htm','./HTML_Files/Pentecost Sequence - Veni Sancte Spiritus.htm',''),(45,'2nd Reading A reading from the Letter of St Paul to the Corinthians.htm','./HTML_Files/Readings/2nd Reading A reading from the Letter of St Paul to the Corinthians.htm','Readings'),(46,'Response Palm Sunday Year A 2017.htm','./HTML_Files/Response Palm Sunday Year A 2017.htm',''),(47,'Shepherd_me_O_God.htm','./HTML_Files/Shepherd_me_O_God.htm',''),(48,'Shine Jesus Shne.htm','./HTML_Files/Shine Jesus Shne.htm',''),(49,'Sing A New Song.htm','./HTML_Files/Sing A New Song.htm',''),(50,'Sing to the Mountains','./HTML_Files/Sing_to_the_Mountains.htm',''),(51,'SongofthebodyofChrist.htm','./HTML_Files/SongofthebodyofChrist.htm',''),(52,'Springs of Water.htm','./HTML_Files/Springs of Water.htm',''),(53,'100th Year Fatima.htm','./HTML_Files/Start and other pages/100th Year Fatima.htm','Start and other pages'),(54,'Start Page 23 April 2017.htm','./HTML_Files/Start and other pages/Start Page 23 April 2017.htm','Start and other pages'),(55,'Start Page 30th April 2017.htm','./HTML_Files/Start and other pages/Start Page 30th April 2017.htm','Start and other pages'),(56,'Start Page Ascension April 2017.htm','./HTML_Files/Start and other pages/Start Page Ascension April 2017.htm','Start and other pages'),(57,'Taize laudate Domimun.htm','./HTML_Files/Taize laudate Domimun.htm',''),(58,'Take and Eat','./HTML_Files/Take and Eat.htm',''),(59,'Take the word of God with you','./HTML_Files/Take the word of God with you.htm',''),(60,'Ubi caritas est vera','./HTML_Files/Ubi caritas est vera.htm',''),(61,'Unless a Grain of Wheat.htm','./HTML_Files/Unless a Grain of Wheat.htm',''),(62,'We Praise you O God 2013.htm','./HTML_Files/We Praise you O God 2013.htm',''),(63,'We Praise You O God.htm','./HTML_Files/We Praise You O God.htm',''),(64,'We remember','./HTML_Files/We remember.htm',''),(65,'We Walk by Faith.htm','./HTML_Files/We Walk by Faith.htm',''),(66,'Where Two Three are Gathered','./HTML_Files/Where Two Three are Gathered.htm',''),(67,'Without Seeing You Easter Version','./HTML_Files/Without  Seeing  You Easter Version.htm',''),(68,'Announcements','./HTML_Files/Start and other pages/Announcements.htm','Start and other pages'),(69,'All the Ends of the Earth','./HTML_Files/All the ends of the earth.htm',NULL),(70,'Eye has not Seen','./HTML_Files/Eye has not Seen.htm',NULL),(71,'Eat this bread','./HTML_Files/Eat this bread.htm',NULL),(72,'Seek ye First','./HTML_Files/Seek ye First.htm',NULL),(73,'Sing unto the Lord a new song','./HTML_Files/Sing unto the Lord a new song.htm',NULL),(74,'God is Good','./HTML_Files/God is Good.htm',NULL),(75,'Praise the Father, Praise the Son','./HTML_Files/Praise the Father, Praise the Son.htm',NULL),(76,'I will celebrate','./HTML_Files/I will celebrate.htm',NULL),(77,'You are my all in all','./HTML_Files/You are my all in all.htm',NULL),(78,'Breathe on Us','./HTML_Files/Breathe on US.htm',NULL),(79,'Set my Spirit Free','./HTML_Files/Set my spirit free.htm',NULL),(80,'How great is our god','./HTML_Files/How great is our god.htm',NULL),(81,'O SACRAMENT MOST HOLY 2','./HTML_Files/O SACRAMENT MOST HOLY 2.htm',NULL),(82,'Come to Water','./HTML_Files/Come to entrance.htm',NULL),(83,'Majesty','./HTML_Files/Majesty.htm',NULL),(84,'i will enter his gates with thanksgiving in my heart','./HTML_Files/i will enter his gates with thanksgiving in my heart.htm',NULL),(85,'O SACRAMENT MOST HOLY','./HTML_Files/O SACRAMENT MOST HOLY.htm',NULL),(86,'River of God','./HTML_Files/River of God.htm',NULL),(87,'Heart of Jesus, Heart of Mercy','./HTML_Files/heart of Jesus.htm',NULL),(88,'I Heard the Voice of Jesus','./HTML_Files/I Heard the Voice of Jesus.htm',NULL),(89,'LAMB OF GOD','./HTML_Files/LAMB OF GOD.htm',NULL),(90,'All over the world','./HTML_Files/All over the world.htm',NULL),(91,'BROKEN VESSELS (AMAZING GRACE)','./HTML_Files/BROKEN VESSELS ( AMAZING GRACE).htm',NULL),(92,'Come Now is the Time to Worship','./HTML_Files/COME NOW IS THE TIME.htm',NULL),(93,'Here I am to worship','./HTML_Files/Here I am to worship.htm',NULL),(94,'Holy Lord God Almighty','./HTML_Files/HOLY LORD GOD ALMIGHTY.htm',NULL),(95,'Holy Spirit Rain Down','./HTML_Files/holy spirit rain down.htm',NULL),(96,'Let the Fire fall','./HTML_Files/let the fire fall.htm',NULL),(97,'oh Lord we love you forever','./HTML_Files/oh Lord we love you forever .htm',NULL),(98,'shine jesus shine','./HTML_Files/shine jesus shine.htm',NULL),(99,'Spirit Of The Living God','./HTML_Files/spirit of the living god.htm',NULL),(100,'Spirit Song','./HTML_Files/SPIRIT SONG.htm',NULL),(101,'spirit touch your church','./HTML_Files/spirit touch your church .htm',NULL),(102,'You are Mine','./HTML_Files/You are Mine.htm',NULL),(103,'Come Holy Spirit Fall on Me','./HTML_Files/Come Holy Spirit Fall on Me.htm',NULL),(104,'All Creatures of our God and King','./HTML_Files/All Creatures of our God and King.htm',NULL),(105,'Prayer For St Francis','./HTML_Files/Prayer for St Francis.htm',NULL),(106,'Now thank we all our God','./HTML_Files/Now thank we all our God.htm',NULL),(107,'Glory To God - Joy And Peace.htm','./HTML_Files/Mass Settings/Joy and Peace/Glory To God - Joy And Peace.htm','Mass Settings Joy and Peace'),(108,'HolyHolyHoly Joy and Peace','./HTML_Files/Mass Settings/Joy and Peace/HolyHolyHoly Joy and Peace.htm','Mass Settings Joy and Peace'),(109,'Gospel Acclamation - Joy and Peace','./HTML_Files/Mass Settings/Joy and Peace/Gospel Acclamation - Joy and Peace.htm','Mass Settings Joy and Peace'),(110,'Blest are They','./HTML_Files/Blest are They.htm',NULL),(111,'Memorial Acclamation Joy and Peace','./HTML_Files/Mass Settings/Joy and Peace/Memorial Acclamation Joy and Peace.htm','Mass Settings Joy and Peace'),(112,'Amen Joy and Peace.htm','./HTML_Files/Mass Settings/Joy and Peace/Amen Joy and Peace.htm','Mass Settings Joy and Peace'),(113,'Make of Our Hands a Throne','./HTML_Files/Make of Our Hands a Throne.htm',NULL),(114,'Alleluia! Sing now with gladness','./HTML_Files/Alleluia! Sing now with gladness.htm',NULL),(116,'A New Commandment','./HTML_Files/A New Commandment.htm',NULL),(117,'Ubi caritas -Taize-','./HTML_Files/Ubi caritas -Taize-.htm',NULL),(118,'Now We Remain','./HTML_Files/Now We Remain.html',NULL),(119,'The Servant Song','./HTML_Files/The Servant Song.htm',NULL),(120,'Jesus Christ Bread of Life.htm','./HTML_Files/Jesus Christ Bread of Life.htm',NULL),(121,'Take the word of God (Gerard)','./HTML_Files/Take the word of God (Gerard).htm',NULL),(122,'Sing of the Lord’s Goodness','./HTML_Files/Sing of the Lord’s Goodness.htm',NULL),(123,'Bread of Life','./HTML_Files/Bread of Life.htm',NULL),(124,'Like a Shepherd','./HTML_Files/Like a Shepherd.htm',NULL),(125,'Confitemini Domino - Taize','./HTML_Files/Confitemini Domino.htm',NULL),(126,'Amen St Francis.htm','./HTML_Files/Mass Settings/St Francis/Amen St Francis.htm','Mass Settings St Francis'),(127,'Glory To God - St Francis.htm','./HTML_Files/Mass Settings/St Francis/Glory To God - St Francis.htm','Mass Settings St Francis'),(128,'Lord Have Mercy.htm','./HTML_Files/Mass Settings/St Francis/Lord Have Mercy.htm','Mass Settings St Francis'),(129,'Memorial Acclamation St Francis 2.htm','./HTML_Files/Mass Settings/St Francis/Memorial Acclamation St Francis 2.htm','Mass Settings St Francis'),(130,'Wait for the Lord -Taize-','./HTML_Files/Wait for the Lord -Taize-.htm',NULL),(131,'Earth was Waiting','./HTML_Files/Earth was Waiting.htm',NULL),(132,'Prepare the Way','./HTML_Files/Prepare the Way.htm',NULL),(133,'Bread of Life -Advent-','./HTML_Files/Bread of Life -Advent-.htm',NULL),(134,'Let the King of Glory Come','./HTML_Files/Let the King of Glory Come.htm',NULL),(135,'Alleluia our God is Speaking','./HTML_Files/Alleluia our God is Speaking.htm',NULL),(136,'Holy Holy Holy - St Francis','./HTML_Files/Mass Settings/St Francis/HolyHolyHoly St Francis.htm',NULL),(137,'O Come, O Come, Emmanuel','./HTML_Files/O Come, O Come, Emmanuel.htm',NULL),(138,'The Advent Song','./HTML_Files/The Advent Song.htm',NULL),(139,'Without Seeing You','./HTML_Files/Without Seeing You.htm',NULL),(140,'Hark the herald Angels sing','./HTML_Files/Hark the herald Angels sing.htm',NULL),(141,'Silent Night','./HTML_Files/Silent Night.htm',NULL),(142,'Bread of Life -Christmas-','./HTML_Files/Bread of Life -Christmas-.htm',NULL),(143,'Angels We Have Heard On High','./HTML_Files/Angels We Have Heard On High.htm',NULL),(144,'What Child Is This','./HTML_Files/What Child Is This.htm',NULL),(145,'While Shepherds Watched','./HTML_Files/While shepherds watched.htm',NULL),(146,'O Come all ye faithful','./HTML_Files/O Come all ye faithful.htm',NULL),(147,'Away In A Manger','./HTML_Files/Away In A Manger.htm',NULL),(148,'Little Drummer Boy','./HTML_Files/Little Drummer Boy.htm',NULL),(151,'We three kings','./HTML_Files/We three kings.htm',NULL),(152,'Response Palm -Christmas-.htm','./HTML_Files/Response Palm -Christmas-.htm','Christmas'),(153,'O living Water','./HTML_Files/O living Water.htm',NULL),(154,'Here I am Lord','./HTML_Files/Here I am Lord.htm',NULL);
/*!40000 ALTER TABLE `song` ENABLE KEYS */;
UNLOCK TABLES;

--
-- Table structure for table `template`
--

DROP TABLE IF EXISTS `template`;
/*!40101 SET @saved_cs_client     = @@character_set_client */;
/*!40101 SET character_set_client = utf8 */;
CREATE TABLE `template` (
  `id` bigint(20) NOT NULL,
  `name` varchar(50) DEFAULT NULL
) ENGINE=InnoDB DEFAULT CHARSET=utf8;
/*!40101 SET character_set_client = @saved_cs_client */;

--
-- Dumping data for table `template`
--

LOCK TABLES `template` WRITE;
/*!40000 ALTER TABLE `template` DISABLE KEYS */;
INSERT INTO `template` VALUES (1,'Aug 20'),(2,'Aug 27'),(5,'LSS - 29th'),(6,'LSS - 1st'),(7,'LSS - Adoration'),(8,'8 Oct'),(9,'15 Oct'),(11,'Nov 19th'),(12,'Oct 29'),(13,'11-Nov'),(16,'Nov 25'),(15,'Nov 19th'),(17,'Dec 10'),(18,'Dec 24th'),(19,'Midnight Mass'),(20,'Dec 31st'),(21,'Jan 7th'),(22,'Jan 14th');
/*!40000 ALTER TABLE `template` ENABLE KEYS */;
UNLOCK TABLES;

--
-- Table structure for table `templatedetail`
--

DROP TABLE IF EXISTS `templatedetail`;
/*!40101 SET @saved_cs_client     = @@character_set_client */;
/*!40101 SET character_set_client = utf8 */;
CREATE TABLE `templatedetail` (
  `id` bigint(20) NOT NULL,
  `template_id` bigint(20) NOT NULL,
  `song_id` bigint(20) DEFAULT NULL,
  `order_index` bigint(20) DEFAULT NULL,
  `template_song_name` varchar(256) DEFAULT NULL
) ENGINE=InnoDB DEFAULT CHARSET=utf8;
/*!40101 SET character_set_client = @saved_cs_client */;

--
-- Dumping data for table `templatedetail`
--

LOCK TABLES `templatedetail` WRITE;
/*!40000 ALTER TABLE `templatedetail` DISABLE KEYS */;
INSERT INTO `templatedetail` VALUES (1,1,68,0,'Announcements'),(2,1,12,1,'Gather Us In'),(3,1,30,2,'Gloria'),(4,1,46,3,'Response Palm'),(5,1,32,4,'Gospel Acclamation'),(6,1,27,5,'Apostle Creed'),(7,1,62,6,'Preparation of Gifts - Hymn'),(8,1,33,7,'Holy Holy Holy'),(9,1,36,8,'Memorial Acclamation'),(10,1,29,9,'Amen'),(11,1,35,10,'Lamb of God'),(12,1,64,11,'Communion 1 – Hymn'),(13,1,24,12,'Communion 2 – Hymn '),(14,1,2,13,'Sending Forth – Hymn '),(15,1,5,14,'Blank Screen'),(45,2,69,0,'Entrance Hymn - All the Ends of the Earth'),(46,2,30,1,'Gloria'),(47,2,46,2,'Response Palm'),(48,2,32,3,'Gospel Acclamation'),(49,2,27,4,'Apostle Creed'),(50,2,70,5,'Preparation of Gifts - Eye has not Seen'),(51,2,33,6,'Holy Holy Holy'),(52,2,36,7,'Memorial Acclamation'),(53,2,29,8,'Amen'),(54,2,35,9,'Lamb of God'),(55,2,71,10,'Communion 1 – Eat this Bread'),(56,2,13,11,'Communion 2 – Gather your People'),(57,2,7,12,'Sending Forth – City of God'),(58,2,5,13,'Blank Screen'),(111,5,6,0,'Entrance Hymn - Christ Be Our Light'),(112,5,30,1,'Gloria'),(113,5,32,2,'Gospel Acclamation'),(114,5,27,3,'Apostle Creed'),(115,5,33,4,'Holy Holy Holy'),(116,5,35,5,'Lamb of God'),(117,5,75,6,'Communion 1 – Praise the Father'),(118,5,77,7,'Sending Forth - You are my all in all'),(119,5,5,8,'Blank Screen'),(134,6,86,0,'Entrance Hymn - River of God'),(135,6,31,1,'Glory To God - Christ the Saviour'),(136,6,46,2,'Response Palm'),(137,6,32,3,'Gospel Acclamation'),(138,6,27,4,'Apostle Creed'),(139,6,88,5,'Preparation of Gifts - I Heard the Voice of Jesus'),(140,6,33,6,'Holy Holy Holy'),(141,6,36,7,'Memorial Acclamation'),(142,6,29,8,'Amen'),(143,6,35,9,'Lamb of God'),(144,6,87,10,'Communion 1 – Heart of Jesus'),(145,6,7,11,'Sending Forth – City of God'),(146,6,5,12,'Blank Screen'),(177,7,85,0,NULL),(178,7,81,1,NULL),(179,7,78,2,'Breathe on Us - 1'),(180,7,92,3,NULL),(181,7,94,4,NULL),(182,7,102,5,NULL),(183,7,100,6,NULL),(184,7,99,7,NULL),(185,7,96,8,NULL),(186,7,95,9,NULL),(187,7,103,10,NULL),(188,7,78,11,'Breathe on Us - 2'),(189,7,5,12,'Blank Screen'),(261,9,12,0,'Entrance Hymn - Gather us in'),(262,9,107,1,'Gloria'),(263,9,46,2,'Response Palm'),(264,9,109,3,NULL),(265,9,27,4,'Apostle Creed'),(266,9,105,5,'Preparation of Gifts - Prayer For St Francis'),(267,9,108,6,'Holy Holy Holy - Joy and Peace'),(268,9,111,7,NULL),(269,9,29,8,'Amen'),(270,9,35,9,'Lamb of God'),(271,9,110,10,'Communion 1 - Blest are They'),(272,9,58,11,'Communion 2 - Take and Eat'),(273,9,50,12,'Sending Forth - Sing to the Mountains'),(274,9,5,13,'Blank Screen'),(404,12,117,0,'Taize - Ubi caritas est vera'),(405,12,114,1,'Entrance Hymn - Alleluia! Sing now with gladness'),(406,12,107,2,'Gloria'),(407,12,46,3,'Response Palm'),(408,12,109,4,NULL),(409,12,27,5,'Apostle Creed'),(410,12,116,6,'Preparation of Gifts - A New Commandment'),(411,12,108,7,'Holy Holy Holy - Joy and Peace'),(412,12,111,8,NULL),(413,12,112,9,NULL),(414,12,35,10,'Lamb of God'),(415,12,110,11,'Communion 1 - Blest are They'),(416,12,64,12,'Communion 2 - We remember'),(417,12,50,13,'Sending Forth - Sing to the Mountains'),(418,12,5,14,'Blank Screen'),(331,11,87,0,'Entrance Hymn - Heart of Jesus, Heart of Mercy'),(332,11,107,1,'Gloria'),(333,11,46,2,'Response Palm'),(334,11,109,3,'Gospel Acclamation - Joy and Peace NOT USED'),(335,11,27,4,'Apostle Creed'),(336,11,114,5,'Preparation of Gifts - Alleluia! Sing now with gladness'),(337,11,108,6,'Holy Holy Holy - Joy and Peace'),(338,11,111,7,NULL),(339,11,112,8,NULL),(340,11,35,9,'Lamb of God'),(341,11,60,10,'Communion 1 - Ubi caritas'),(342,11,113,11,'Communion 2 - Make of Our Hands a Throne'),(343,11,21,12,'Sending Forth - Jesus Christ You My Life'),(344,11,5,13,'Blank Screen'),(683,16,125,0,NULL),(684,16,114,1,'Entrance Hymn - Alleluia! Sing now with gladness'),(685,16,107,2,'Gloria'),(686,16,46,3,'Response Palm CHANGE ME'),(687,16,109,4,'Gospel Acclamation - Joy and Peace'),(688,16,121,5,NULL),(689,16,27,6,'Apostle Creed'),(690,16,124,7,'Preparation of Gifts - Like a Shepherd'),(691,16,108,8,'Holy Holy Holy - Joy and Peace'),(692,16,111,9,NULL),(693,16,112,10,NULL),(694,16,35,11,'Lamb of God'),(695,16,64,12,'Communion 1 - We remember'),(696,16,13,13,'Communion 2 - Gather your people O Lord'),(603,15,117,0,'Taize - Ubi caritas est vera'),(604,15,12,1,'Entrance Hymn - Gather Us In'),(605,15,107,2,'Gloria'),(606,15,46,3,'Response Palm CHANGE ME'),(607,15,109,4,'Gospel Acclamation - Joy and Peace CHANGE VERSE'),(608,15,121,5,NULL),(609,15,27,6,'Apostle Creed'),(610,15,119,7,'Preparation of Gifts - The Servant Song'),(495,13,117,0,'Taize - Ubi caritas est vera'),(496,13,7,1,'Entrance Hymn - City of God'),(497,13,107,2,'Gloria'),(498,13,46,3,'Response Palm'),(499,13,109,4,NULL),(500,13,27,5,'Apostle Creed'),(501,13,118,6,'Preparation of Gifts - Now We Remain'),(502,13,108,7,'Holy Holy Holy - Joy and Peace'),(503,13,111,8,NULL),(504,13,112,9,NULL),(505,13,35,10,'Lamb of God'),(506,13,17,11,'Communion 1 - God\'s Holy Gifts'),(507,13,82,12,'Communion 2 - Come to Water'),(508,13,6,13,'Sending Forth - Christ Be Our Light'),(509,13,5,14,'Blank Screen'),(715,17,130,0,NULL),(716,17,131,1,'Entrance Hymn - Earth was Waiting'),(717,17,127,2,NULL),(718,17,46,3,'Response Palm CHANGE ME'),(719,17,135,4,'Gospel Acclamation - Alleluia our God is Speaking'),(720,17,27,5,'Apostle Creed'),(721,17,132,6,'Preparation of Gifts - Prepare the Way'),(722,17,136,7,'Holy Holy Holy - St Francis'),(723,17,111,8,NULL),(724,17,126,9,NULL),(725,17,35,10,'Lamb of God'),(726,17,133,11,'Communion 1 - Bread of Life -Advent-'),(727,17,124,12,'Communion 2 - Like a Shepherd'),(728,17,134,13,'Sending Forth - Let the King of Glory Come'),(729,17,5,14,'Blank Screen'),(611,15,108,8,'Holy Holy Holy - Joy and Peace'),(612,15,111,9,NULL),(613,15,112,10,NULL),(614,15,35,11,'Lamb of God'),(615,15,123,12,'Communion 1 - Bread of Life'),(616,15,58,13,'Communion 2 - Take and Eat'),(617,15,122,14,'Sending Forth - Sing of the Lord’s Goodness'),(618,15,5,15,'Blank Screen'),(697,16,106,14,'Sending Forth - Now thank we all our God'),(698,16,5,15,'Blank Screen'),(780,19,141,0,'Carol 1 - Silent Night'),(781,19,144,1,'Carol 2 - What Child Is This'),(782,19,145,2,'Carol 3 - While Shepherds Watched'),(783,19,146,3,'Carol 4 - O Come all ye faithful'),(784,19,147,4,'Carol 5 - Away In A Manger'),(785,19,148,5,'Carol 6 - Little Drummer Boy'),(786,19,140,6,'Entrance Hymn - Hark the herald Angels sing'),(787,19,127,7,NULL),(788,19,152,8,NULL),(789,19,109,9,NULL),(790,19,27,10,'Apostle Creed'),(791,19,141,11,'Preparation of Gifts - Silent Night'),(792,19,136,12,'Holy Holy Holy - St Francis'),(793,19,111,13,NULL),(794,19,126,14,NULL),(795,19,35,15,'Lamb of God'),(796,19,113,16,'Communion 1 - Make of Our Hands a Throne'),(797,19,142,17,'Communion 2 - Bread of Life -Christmas-'),(798,19,143,18,'Sending Forth - Angels We Have Heard On High'),(799,19,5,19,'Blank Screen'),(830,20,130,0,NULL),(831,20,143,1,'Entrance Hymn - Angels We Have Heard On High'),(832,20,127,2,NULL),(833,20,46,3,'Response Palm CHANGE ME'),(834,20,135,4,'Gospel Acclamation - Alleluia our God is Speaking CHANGE VERSE'),(835,20,27,5,'Apostle Creed'),(836,20,147,6,'Preparation of Gifts - Away In A Manger'),(837,20,136,7,'Holy Holy Holy - St Francis'),(838,20,111,8,NULL),(839,20,126,9,NULL),(840,20,35,10,'Lamb of God'),(841,20,58,11,'Communion 1 - Take and Eat'),(842,20,144,12,'Communion 2 - What Child Is This'),(843,20,140,13,'Sending Forth - Hark the Herald Angels sing'),(844,20,5,14,'Blank Screen'),(875,21,146,0,'Entrance Hymn - O Come all ye faithful'),(876,21,127,1,NULL),(877,21,46,2,'Response Palm CHANGE ME'),(878,21,135,3,'Gospel Acclamation - Alleluia our God is Speaking CHANGE VERSE'),(879,21,27,4,'Apostle Creed'),(880,21,144,5,'Preparation of Gifts - What Child Is This'),(881,21,136,6,'Holy Holy Holy - St Francis'),(882,21,111,7,NULL),(883,21,126,8,NULL),(884,21,35,9,'Lamb of God'),(885,21,71,10,'Communion 1 - Eat this bread'),(886,21,14,11,'Communion 2 - Gift Of Finest Wheat'),(887,21,151,12,'Sending Forth - We three kings'),(888,21,5,13,'Blank Screen'),(959,22,13,0,' Entrance Hymn - Gather your people O Lord'),(960,22,30,1,NULL),(961,22,46,2,'Response Palm CHANGE ME'),(962,22,32,3,NULL),(963,22,27,4,'Apostle Creed'),(964,22,153,5,'Preparation of Gifts - O living Water'),(965,22,33,6,NULL),(966,22,36,7,NULL),(967,22,29,8,NULL),(968,22,35,9,'Lamb of God'),(969,22,154,10,'Communion 1 - Here I am Lord'),(970,22,70,11,'Communion 2 - Eye has not Seen'),(971,22,122,12,'Sending Forth - Sing of the Lords Goodness'),(972,22,5,13,'Blank Screen'),(730,18,130,0,NULL),(731,18,131,1,'Entrance Hymn - Earth was Waiting'),(732,18,127,2,NULL),(733,18,46,3,'Response Palm CHANGE ME'),(734,18,135,4,'Gospel Acclamation - Alleluia our God is Speaking CHANGE VERSE FOR ADVENT'),(735,18,27,5,'Apostle Creed'),(736,18,138,6,'Preparation of Gifts - The Advent Song'),(737,18,136,7,'Holy Holy Holy - St Francis'),(738,18,111,8,NULL),(739,18,126,9,NULL),(740,18,35,10,'Lamb of God'),(741,18,133,11,'Communion 1 - Bread of Life -Advent-'),(742,18,137,12,'Communion 2 - O Come, O Come, Emmanuel'),(743,18,134,13,'Sending Forth - Let the King of Glory Come'),(744,18,5,14,'Blank Screen');
/*!40000 ALTER TABLE `templatedetail` ENABLE KEYS */;
UNLOCK TABLES;
/*!40103 SET TIME_ZONE=@OLD_TIME_ZONE */;

/*!40101 SET SQL_MODE=@OLD_SQL_MODE */;
/*!40014 SET FOREIGN_KEY_CHECKS=@OLD_FOREIGN_KEY_CHECKS */;
/*!40014 SET UNIQUE_CHECKS=@OLD_UNIQUE_CHECKS */;
/*!40101 SET CHARACTER_SET_CLIENT=@OLD_CHARACTER_SET_CLIENT */;
/*!40101 SET CHARACTER_SET_RESULTS=@OLD_CHARACTER_SET_RESULTS */;
/*!40101 SET COLLATION_CONNECTION=@OLD_COLLATION_CONNECTION */;
/*!40111 SET SQL_NOTES=@OLD_SQL_NOTES */;

-- Dump completed on 2018-01-19 23:05:55
